season,games,model_logloss,model_brier,model_auc,model_accuracy,elo_logloss,elo_brier,elo_auc,elo_accuracy,home_pick_acc
2008,266,0.6312080242293474,0.2205712747316268,0.6815433342931183,0.6203007518796992,0.6272609933022316,0.2185311343048658,0.6874172185430463,0.650375939849624,0.5676691729323309
2009,267,0.5936801972654011,0.20335106406862488,0.7388487558766197,0.6853932584269663,0.5985290609684621,0.2058654509995418,0.7327141382868937,0.6816479400749064,0.5730337078651685
2010,267,0.6503635594274139,0.22897048417744054,0.6576198046786284,0.6404494382022472,0.6561630283363047,0.23232445330850657,0.6417215534862594,0.6217228464419475,0.5543071161048689
2011,267,0.606356542402744,0.20997554207844954,0.7241715399610137,0.6704119850187266,0.6133688127773876,0.21341338312807537,0.7085769980506822,0.6591760299625468,0.5730337078651685
2012,266,0.6174776444921559,0.21449967964156072,0.7023891966759003,0.6428571428571429,0.6269645402202765,0.219665833254252,0.6879616805170822,0.6353383458646616,0.5714285714285714
2013,266,0.6304941047547586,0.2211761994084975,0.6508552283547875,0.6052631578947368,0.6208759694557017,0.21689042256990046,0.6811849761946747,0.6466165413533834,0.5977443609022557
2014,266,0.61613375670273,0.2135998469302016,0.7152524726704841,0.6353383458646616,0.6002916161192314,0.20665102876034386,0.7375788073341432,0.6992481203007519,0.575187969924812
2015,267,0.6596353688826461,0.2335257458339298,0.6490107405313736,0.6067415730337079,0.6417087169725602,0.22422524111404646,0.68208027133974,0.6741573033707865,0.5430711610486891
2016,265,0.6277489211381061,0.2193791116064369,0.6802346041055718,0.6528301886792452,0.6260753536478836,0.2190057587095496,0.6855718475073314,0.6452830188679245,0.5849056603773585
2017,267,0.619244517207803,0.2148129102363912,0.7043478260869566,0.651685393258427,0.6218187966677076,0.21681030431148143,0.6929633867276888,0.6741573033707865,0.5692883895131086
2018,265,0.6212201844826478,0.21560468604238905,0.6976812965810955,0.660377358490566,0.6358067652504077,0.2235381612062265,0.6598840648290549,0.6226415094339622,0.5962264150943396
2019,266,0.6395986966807273,0.22405435417814826,0.6891746445363395,0.6390977443609023,0.6369358317935458,0.22252747334088235,0.6864555599614797,0.6390977443609023,0.5225563909774437
2020,268,0.6237710506789298,0.21721060789039265,0.7303408331476944,0.6343283582089553,0.6236550883518707,0.21566937483515433,0.7295611494764982,0.6492537313432836,0.5
2021,284,0.6532405277701683,0.2311003333046971,0.677392124733105,0.6126760563380281,0.6560382387147699,0.23106698668795544,0.6842445007199961,0.6056338028169014,0.5176056338028169
2022,282,0.6315618133367021,0.22072990052504315,0.6879098360655738,0.6453900709219859,0.635180477143622,0.22300633036611228,0.6763831967213115,0.6453900709219859,0.5673758865248227
2023,285,0.6565760443338075,0.2323492115446535,0.6479663394109396,0.6,0.6588518991075564,0.2326119802345395,0.6427068723702666,0.6035087719298246,0.5649122807017544
2024,285,0.6133386886612385,0.2120815423345771,0.7290300139137349,0.6701754385964912,0.6092524211449736,0.21041443044662317,0.7329556748161399,0.6701754385964912,0.5473684210526316
2025,284,0.6167058370191218,0.21490216957710748,0.7117224880382774,0.6443661971830986,0.6368624821822952,0.22312474389161824,0.6912878787878787,0.6443661971830986,0.5352112676056338
ALL,4883,0.6283519996365963,0.2193802911328712,0.693059787577868,0.6397706328077002,0.6293807830601017,0.21981642241097318,0.6911045393073924,0.6479623182469794,0.5586729469588367
