feature,importance
elo_diff,0.005213753526039884
elo_prob_home,0.0044025558151115085
diff_off_pass_rate_ewm,0.00217017643055221
diff_margin_ewm,0.0018898409473279882
diff_games_played,0.0017119248662571158
diff_team_win_r3,0.0015773577511242198
diff_def_yards_r3,0.0014611863271336196
diff_def_pen_yards_r8,0.001385940782775985
diff_def_yards_ewm,0.0013081238017091934
diff_def_points_ewm,0.0012775768644884462
diff_team_win_ewm,0.0012580422870169434
diff_rest_days,0.0011603730356561555
diff_def_ypp_ewm,0.0010343341839610016
diff_def_sack_rate_r8,0.0009794177352937898
diff_def_rush_ypc_ewm,0.0008576669932192452
diff_def_plays_r8,0.0008498259190871105
diff_margin_r8,0.0008087087621767575
diff_def_yards_r8,0.0007942151439971715
diff_off_pass_rate_r8,0.0007234698133627612
diff_off_rush_ypc_r3,0.0007043598022200929
diff_off_comp_pct_r3,0.0006799469062005828
diff_off_pen_yards_r3,0.0006722347938685758
diff_off_points_ewm,0.0006527027353723236
diff_def_comp_pct_ewm,0.0006167772366660144
diff_def_comp_pct_r8,0.000585127936329144
diff_def_pass_rate_ewm,0.000532235095159761
diff_def_points_r3,0.0005195395790340932
diff_off_points_r8,0.0005152304864954141
match_away_off_pts_per_drive,0.00048788220018547435
diff_def_yds_per_drive_r8,0.00045886711465067026
diff_def_ny_a_ewm,0.00041124876836295954
diff_def_pts_per_drive_ewm,0.00038778801297552806
diff_off_turnovers_r8,0.00038383941800431326
match_home_off_ypp,0.0003374411767395058
diff_off_pts_per_drive_ewm,0.0003366214788678527
diff_def_pen_yards_r3,0.0002830147165573023
match_home_off_pts_per_drive,0.00025466152987430046
diff_off_rush_ypc_ewm,0.00022348357120124027
match_home_off_ny_a,0.0002208939160086576
diff_off_ny_a_ewm,0.000206664477776101
diff_off_first_downs_ewm,0.00018512495606803903
diff_off_yds_per_drive_r3,0.0001757322506495962
diff_off_plays_r3,0.0001485578173055687
diff_def_pts_per_drive_r3,0.00014105115149716982
diff_off_ypp_r3,0.00012979241309378034
diff_team_win_r8,0.00012646650722991648
diff_off_ny_a_r8,9.946646466788926e-05
diff_off_first_downs_r8,9.942640673662091e-05
diff_def_first_downs_r3,9.899554430962502e-05
diff_def_yds_per_drive_ewm,9.06736307636491e-05
diff_off_yds_per_drive_ewm,8.822771854614479e-05
diff_off_pen_yards_ewm,7.271478423635329e-05
diff_def_pts_per_drive_r8,6.874673195552312e-05
diff_off_third_pct_r8,5.64568934251497e-05
diff_off_ypp_ewm,5.474199451804829e-05
diff_off_yards_r3,4.6753499409709263e-05
diff_off_pts_per_drive_r8,3.4369486383911685e-05
diff_def_turnovers_ewm,3.19666634921445e-05
diff_off_points_r3,2.4824139388387085e-05
diff_def_sack_rate_r3,2.4242094066077396e-05
diff_def_ypp_r3,2.351570615396111e-05
match_away_off_ny_a,1.941142140637897e-05
diff_off_ypp_r8,1.763313899327823e-05
diff_off_comp_pct_r8,1.0608556869184937e-05
diff_off_plays_ewm,4.0146378715855136e-06
diff_def_points_r8,-1.9884110217619858e-07
match_away_off_ypp,-1.013055927145956e-06
diff_off_plays_r8,-2.497386770938803e-06
diff_off_yds_per_drive_r8,-3.0195378321421864e-06
diff_off_yards_r8,-3.8041665627967327e-06
diff_def_first_downs_r8,-6.65235419335571e-06
early_season,-7.726367521665445e-06
diff_def_pass_rate_r8,-1.1333765528124632e-05
diff_def_rush_ypc_r8,-1.3319624255066683e-05
diff_def_ypp_r8,-1.7702772745783097e-05
diff_off_yards_ewm,-1.8175306931341357e-05
diff_off_first_downs_r3,-1.940422009845862e-05
diff_off_third_pct_r3,-2.918173453954805e-05
diff_def_pass_rate_r3,-3.0101533852522344e-05
match_home_off_turnovers,-3.2944977356804315e-05
diff_off_ny_a_r3,-3.909073139888678e-05
diff_margin_r3,-4.303796568157677e-05
diff_off_pts_per_drive_r3,-4.4837102080067894e-05
diff_def_turnovers_r8,-5.81051231022626e-05
diff_def_sack_rate_ewm,-6.0032172839378596e-05
match_home_off_rush_ypc,-6.637823093406474e-05
diff_off_turnovers_ewm,-9.394079907232289e-05
diff_def_yds_per_drive_r3,-0.00010457941023149046
diff_def_turnovers_r3,-0.00010828008922425525
diff_off_top_sec_r8,-0.00012099557492935749
diff_def_top_sec_r3,-0.00013798844609228902
diff_off_top_sec_ewm,-0.0001449863918689953
diff_off_turnovers_r3,-0.00014699186002076203
diff_def_pen_yards_ewm,-0.00015226189417542427
match_away_off_rush_ypc,-0.00016544799950705494
diff_off_third_pct_ewm,-0.00016889414388758053
diff_def_plays_r3,-0.00018840849807866267
is_postseason,-0.00019450780303757279
diff_def_top_sec_r8,-0.00021172304214911453
diff_off_comp_pct_ewm,-0.0002314937767351107
diff_def_first_downs_ewm,-0.0002564867456663252
diff_off_sack_rate_r8,-0.0002950443692364413
diff_off_sack_rate_r3,-0.0003111354529630554
diff_def_top_sec_ewm,-0.00031833357446690397
diff_off_sack_rate_ewm,-0.00033985702210518703
diff_def_ny_a_r8,-0.0003482516953997224
diff_def_rush_ypc_r3,-0.00034879582802612347
diff_def_third_pct_r3,-0.0003542089230799128
diff_def_ny_a_r3,-0.0003764179528696898
match_away_off_turnovers,-0.0004771222853635256
diff_off_rush_ypc_r8,-0.00047849896994844876
diff_off_pen_yards_r8,-0.0005297615519831803
diff_def_plays_ewm,-0.00055151440072021
diff_off_top_sec_r3,-0.0005572363446763781
diff_def_third_pct_ewm,-0.0005823847860860024
diff_def_comp_pct_r3,-0.0006648408783874368
diff_def_third_pct_r8,-0.0006842095230719473
home_field,-0.0006898884066848613
diff_off_pass_rate_r3,-0.001227561420010163
