season,games,logloss,brier,auc,accuracy,model
2008,266,0.6312080242293474,0.2205712747316268,0.6815433342931183,0.6203007518796992,logreg_C0.003
2009,267,0.5936801972654011,0.20335106406862488,0.7388487558766197,0.6853932584269663,logreg_C0.003
2010,267,0.6503635594274139,0.22897048417744054,0.6576198046786284,0.6404494382022472,logreg_C0.003
2011,267,0.606356542402744,0.20997554207844954,0.7241715399610137,0.6704119850187266,logreg_C0.003
2012,266,0.6174776444921559,0.21449967964156072,0.7023891966759003,0.6428571428571429,logreg_C0.003
2013,266,0.6304941047547586,0.2211761994084975,0.6508552283547875,0.6052631578947368,logreg_C0.003
2014,266,0.61613375670273,0.2135998469302016,0.7152524726704841,0.6353383458646616,logreg_C0.003
2015,267,0.6596353688826461,0.2335257458339298,0.6490107405313736,0.6067415730337079,logreg_C0.003
2016,265,0.6277489211381061,0.2193791116064369,0.6802346041055718,0.6528301886792452,logreg_C0.003
2017,267,0.619244517207803,0.2148129102363912,0.7043478260869566,0.651685393258427,logreg_C0.003
2018,265,0.6212201844826478,0.21560468604238905,0.6976812965810955,0.660377358490566,logreg_C0.003
2019,266,0.6395986966807273,0.22405435417814826,0.6891746445363395,0.6390977443609023,logreg_C0.003
2020,268,0.6237710506789298,0.21721060789039265,0.7303408331476944,0.6343283582089553,logreg_C0.003
2021,284,0.6532405277701683,0.2311003333046971,0.677392124733105,0.6126760563380281,logreg_C0.003
2022,282,0.6315618133367021,0.22072990052504315,0.6879098360655738,0.6453900709219859,logreg_C0.003
2008,266,0.6364118093040773,0.22287968436808728,0.6726749208177368,0.5939849624060151,logreg_C0.01
2009,267,0.5967698657549637,0.20444251758618137,0.733287467033597,0.6966292134831461,logreg_C0.01
2010,267,0.6515360985406038,0.22937970679683709,0.6568248921190099,0.6292134831460674,logreg_C0.01
2011,267,0.6084260854501851,0.2108036496760353,0.7192409127393646,0.6779026217228464,logreg_C0.01
2012,266,0.6154124248906777,0.21357367932993115,0.7030817174515236,0.6541353383458647,logreg_C0.01
2013,266,0.6325292886808729,0.2222851233922727,0.6493857638276612,0.6240601503759399,logreg_C0.01
2014,266,0.617602874449761,0.2139894371848326,0.7121290994273817,0.6466165413533834,logreg_C0.01
2015,267,0.6666486464199181,0.23647603853156116,0.6409836065573771,0.6104868913857678,logreg_C0.01
2016,265,0.6306305804792387,0.22074367592252728,0.6749560117302054,0.660377358490566,logreg_C0.01
2017,267,0.6201103892297192,0.21516844196288112,0.7021167048054919,0.6666666666666666,logreg_C0.01
2018,265,0.622160248737984,0.2158156378492081,0.6991600615166214,0.660377358490566,logreg_C0.01
2019,266,0.644116812255176,0.22550098333507848,0.684529541720954,0.631578947368421,logreg_C0.01
2020,268,0.622737458093627,0.21681905619765182,0.7287814658053019,0.6417910447761194,logreg_C0.01
2021,284,0.6537489486093643,0.2312570831467601,0.6796265951636129,0.602112676056338,logreg_C0.01
2022,282,0.6320496464618423,0.22088681798892446,0.6870389344262295,0.6595744680851063,logreg_C0.01
2008,266,0.6446981685678311,0.2263079351502866,0.6599481716095594,0.5827067669172933,logreg_C0.03
2009,267,0.6011382575147972,0.20608958693665863,0.7266368535718382,0.6928838951310862,logreg_C0.03
2010,267,0.656261521967096,0.23154080587745737,0.6488757665228253,0.6067415730337079,logreg_C0.03
2011,267,0.6105169626953073,0.21144623481777072,0.7164316018805184,0.6853932584269663,logreg_C0.03
2012,266,0.6138105692551803,0.21288811929387416,0.7055632502308402,0.6541353383458647,logreg_C0.03
2013,266,0.6345855974347334,0.22314659635943665,0.6485628636924705,0.6353383458646616,logreg_C0.03
2014,266,0.6192983775427152,0.2145010570262461,0.7109722945225289,0.650375939849624,logreg_C0.03
2015,267,0.6717771516214129,0.23851247908132303,0.6378745053702657,0.6067415730337079,logreg_C0.03
2016,265,0.6345390708853625,0.2226060659281305,0.6703225806451613,0.6490566037735849,logreg_C0.03
2017,267,0.6214534440645807,0.21570553359201625,0.6981693363844393,0.6741573033707865,logreg_C0.03
2018,265,0.6237521707429378,0.21636532253467947,0.6989234591269373,0.6490566037735849,logreg_C0.03
2019,266,0.6478102826515232,0.2267548725778276,0.6804509148586642,0.6278195488721805,logreg_C0.03
2020,268,0.6233601887079487,0.2172473867662517,0.7257184228113166,0.6492537313432836,logreg_C0.03
2021,284,0.6539353452919976,0.231283972897954,0.6824072694771339,0.6091549295774648,logreg_C0.03
2022,282,0.6322685210804663,0.22096280298301801,0.6859118852459015,0.6524822695035462,logreg_C0.03
2008,266,0.6538957435904826,0.2298669204180023,0.6499280161243881,0.5789473684210527,logreg_C0.1
2009,267,0.6060014337784098,0.20794616674105335,0.7202155716087605,0.6966292134831461,logreg_C0.1
2010,267,0.6641526876613909,0.23520482930533915,0.6361003861003861,0.599250936329588,logreg_C0.1
2011,267,0.6134590264617414,0.21238489068421873,0.7133356266483202,0.6928838951310862,logreg_C0.1
2012,266,0.6127353026891695,0.21263567914096884,0.7075253924284396,0.6428571428571429,logreg_C0.1
2013,266,0.6374597168086904,0.22429663526039048,0.6465056133544936,0.6203007518796992,logreg_C0.1
2014,266,0.6213955282916968,0.21528089185186064,0.709179246920007,0.650375939849624,logreg_C0.1
2015,267,0.6754168454481935,0.2398205571648924,0.6360655737704919,0.6067415730337079,logreg_C0.1
2016,265,0.6397396455163029,0.22510276386995004,0.6617595307917888,0.6415094339622641,logreg_C0.1
2017,267,0.6231758154279848,0.2163660951225862,0.6942219679633868,0.6741573033707865,logreg_C0.1
2018,265,0.625120461467944,0.21687512176589085,0.6969714894120431,0.6452830188679245,logreg_C0.1
2019,266,0.6506663442002651,0.22770069530514747,0.6780150682603524,0.6203007518796992,logreg_C0.1
2020,268,0.6250049790498297,0.21811178519148386,0.7236578302517265,0.664179104477612,logreg_C0.1
2021,284,0.6544684565829535,0.23143894327115572,0.6832017478524257,0.6267605633802817,logreg_C0.1
2022,282,0.6322680622434148,0.22100958695077041,0.6847848360655737,0.648936170212766,logreg_C0.1
2008,266,0.6663374554265458,0.2343375335852766,0.6443996544773971,0.5827067669172933,logreg_C1.0
2009,267,0.6130737730049661,0.21053819461522585,0.7138516225203532,0.6554307116104869,logreg_C1.0
2010,267,0.6778471804114246,0.24168720388149126,0.6120258914376562,0.599250936329588,logreg_C1.0
2011,267,0.6175639696282968,0.21398015146437363,0.7073156748079349,0.6928838951310862,logreg_C1.0
2012,266,0.6118836343399723,0.21282713580255935,0.7051592797783933,0.6353383458646616,logreg_C1.0
2013,266,0.6452117248057292,0.22782698715058086,0.638981954975607,0.6090225563909775,logreg_C1.0
2014,266,0.6239672568492505,0.21619433635069954,0.7050725895077795,0.650375939849624,logreg_C1.0
2015,267,0.6773348677895161,0.24020677486676548,0.6366308648954211,0.6104868913857678,logreg_C1.0
2016,265,0.6492010537450513,0.229759828547751,0.6452199413489736,0.6264150943396226,logreg_C1.0
2017,267,0.6241702817550135,0.2168115847911213,0.6923340961098398,0.6554307116104869,logreg_C1.0
2018,265,0.6268976537122528,0.21768382117521498,0.6937773571513073,0.6339622641509434,logreg_C1.0
2019,266,0.6555434381031303,0.22922660722588406,0.6763722879963745,0.6390977443609023,logreg_C1.0
2020,268,0.6292073660224027,0.21973566908625228,0.7199264869681443,0.6380597014925373,logreg_C1.0
2021,284,0.6558618928850714,0.23184644367051788,0.6818114106956652,0.6267605633802817,logreg_C1.0
2022,282,0.6332838809304032,0.2215820658485014,0.6806864754098361,0.6453900709219859,logreg_C1.0
2008,266,0.6348967460512197,0.2225580087731021,0.6731356176216527,0.6240601503759399,rf_d4
2009,267,0.6007406768356108,0.2064848028486814,0.7340901272789817,0.704119850187266,rf_d4
2010,267,0.6592271999529311,0.23318233412108694,0.6431410401998638,0.6441947565543071,rf_d4
2011,267,0.6055949007081306,0.20910579809658827,0.7289301685586517,0.6779026217228464,rf_d4
2012,266,0.6297779106254693,0.2203630736089405,0.6861149584487534,0.6240601503759399,rf_d4
2013,266,0.6344399722736528,0.2223589661213073,0.6576735437606537,0.6240601503759399,rf_d4
2014,266,0.6065797111264227,0.20921948273791127,0.7306379779050263,0.6691729323308271,rf_d4
2015,267,0.6497826080569665,0.22894861357149018,0.6590729225551158,0.6479400749063671,rf_d4
2016,265,0.6265672698487756,0.21870397586060217,0.6889736070381232,0.6264150943396226,rf_d4
2017,267,0.6149997138500949,0.21292588724701486,0.7123569794050343,0.6629213483146067,rf_d4
2018,265,0.6261405075482454,0.2182002097104664,0.6798769667573643,0.6452830188679245,rf_d4
2019,266,0.6368748089174279,0.22305469314746815,0.6931966238033196,0.6278195488721805,rf_d4
2020,268,0.6267291778585292,0.21847512489263962,0.7259411895745156,0.6380597014925373,rf_d4
2021,284,0.6437157635812881,0.22668103557311725,0.6954168528725359,0.6232394366197183,rf_d4
2022,282,0.6279864369251484,0.21903154643752096,0.6953381147540983,0.6276595744680851,rf_d4
2008,266,0.6358602619001541,0.22305837493619657,0.6695652173913043,0.6203007518796992,rf_d6
2009,267,0.6009477242685394,0.20654326764930594,0.7344341245270037,0.700374531835206,rf_d6
2010,267,0.6611276191167935,0.23404305267224085,0.6414944356120826,0.6441947565543071,rf_d6
2011,267,0.6061932417382395,0.20944135434462238,0.7268661850705195,0.6591760299625468,rf_d6
2012,266,0.6290181216419298,0.2200193086571862,0.686865189289012,0.6278195488721805,rf_d6
2013,266,0.6346837812809459,0.22238291143427474,0.6578498795039088,0.6203007518796992,rf_d6
2014,266,0.6082523678425831,0.21001926090774742,0.7287870900572618,0.6654135338345865,rf_d6
2015,267,0.6499599946834256,0.2291155849756201,0.65895986433013,0.6404494382022472,rf_d6
2016,265,0.6289525326956926,0.2199027226713791,0.6836363636363636,0.6226415094339622,rf_d6
2017,267,0.6153914514374703,0.21306995801803644,0.7110411899313501,0.6741573033707865,rf_d6
2018,265,0.6284930255416219,0.21935600400492097,0.6745534129894712,0.6490566037735849,rf_d6
2019,266,0.638095559291518,0.22343578676183842,0.6909873675862459,0.6278195488721805,rf_d6
2020,268,0.6267209202294873,0.21840823314570668,0.7254956560481177,0.6417910447761194,rf_d6
2021,284,0.642901870944832,0.2264119717470341,0.6962609861462833,0.6161971830985915,rf_d6
2022,282,0.6288113941317098,0.21930507724763418,0.6934426229508197,0.6347517730496454,rf_d6
2008,266,0.6433689115504678,0.22626715024968683,0.665303771955082,0.6127819548872181,hgb_lr0.03_d2_n300
2009,267,0.6121166378908448,0.2116324380881273,0.7197569086113977,0.6891385767790262,hgb_lr0.03_d2_n300
2010,267,0.6531394311633999,0.23023308033953313,0.6554054054054054,0.6367041198501873,hgb_lr0.03_d2_n300
2011,267,0.6159340272679623,0.214040932428911,0.7130489622749685,0.651685393258427,hgb_lr0.03_d2_n300
2012,266,0.6313411926339461,0.221095890032549,0.6760156971375808,0.631578947368421,hgb_lr0.03_d2_n300
2013,266,0.6362834956611422,0.22339051752994757,0.6544995003820608,0.6353383458646616,hgb_lr0.03_d2_n300
2014,266,0.6126266745968628,0.2125104330908447,0.7229452252877551,0.6616541353383458,hgb_lr0.03_d2_n300
2015,267,0.6600371787638827,0.23335914448313186,0.6411531938948558,0.6254681647940075,hgb_lr0.03_d2_n300
2016,265,0.6341953691320955,0.22242712947549176,0.6777126099706745,0.6150943396226415,hgb_lr0.03_d2_n300
2017,267,0.6238752339432128,0.21692539863785124,0.6968535469107552,0.6741573033707865,hgb_lr0.03_d2_n300
2018,265,0.6283704754866644,0.21968035512430237,0.6786939548089435,0.6377358490566037,hgb_lr0.03_d2_n300
2019,266,0.6417636766905479,0.22489168700355508,0.6882116354160766,0.6278195488721805,hgb_lr0.03_d2_n300
2020,268,0.6308481173095062,0.22006771165221078,0.7243261305413232,0.6380597014925373,hgb_lr0.03_d2_n300
2021,284,0.6448254415447564,0.22773052859165574,0.6886141317841006,0.5915492957746479,hgb_lr0.03_d2_n300
2022,282,0.6314641938373245,0.2206651451098252,0.6899077868852458,0.6205673758865248,hgb_lr0.03_d2_n300
2008,266,0.6499802392902416,0.22931907520933897,0.650503887129283,0.6090225563909775,hgb_lr0.03_d3_n300
2009,267,0.6167441243460907,0.21367995284258418,0.7181515881206285,0.6891385767790262,hgb_lr0.03_d3_n300
2010,267,0.6575326736909245,0.23254177957530553,0.6426300249829662,0.6367041198501873,hgb_lr0.03_d3_n300
2011,267,0.6216413564782175,0.21665571683274829,0.702729044834308,0.6329588014981273,hgb_lr0.03_d3_n300
2012,266,0.6358366453392768,0.22294171423859543,0.6685133887349952,0.6278195488721805,hgb_lr0.03_d3_n300
2013,266,0.6409699917233098,0.22537538163391094,0.6428613413272204,0.6353383458646616,hgb_lr0.03_d3_n300
2014,266,0.6175487505130026,0.21471706334414384,0.7157730348776677,0.6541353383458647,hgb_lr0.03_d3_n300
2015,267,0.6605872281105288,0.23394019942825972,0.6368569813453929,0.6104868913857678,hgb_lr0.03_d3_n300
2016,265,0.6411665114708448,0.22551600513426295,0.6662756598240469,0.6075471698113207,hgb_lr0.03_d3_n300
2017,267,0.6272414026215581,0.21843989123204358,0.6940503432494279,0.6891385767790262,hgb_lr0.03_d3_n300
2018,265,0.6306841745551595,0.22058939047993953,0.6738436058204188,0.6339622641509434,hgb_lr0.03_d3_n300
2019,266,0.6435300240757054,0.225720586196093,0.6866255027474083,0.650375939849624,hgb_lr0.03_d3_n300
2020,268,0.632403112082285,0.22065106059880651,0.7282245488973045,0.6380597014925373,hgb_lr0.03_d3_n300
2021,284,0.6461268224541593,0.22822900494867465,0.6869258652366056,0.5809859154929577,hgb_lr0.03_d3_n300
2022,282,0.632638677729514,0.221041124343081,0.6881659836065575,0.648936170212766,hgb_lr0.03_d3_n300
2008,266,0.6443050338139256,0.22672042269338483,0.6636913331413763,0.6052631578947368,hgb_lr0.05_d2_n200
2009,267,0.6128657328073451,0.21190796898629957,0.7199289072354088,0.6891385767790262,hgb_lr0.05_d2_n200
2010,267,0.653894079293163,0.23059149599732703,0.6537588008176243,0.6441947565543071,hgb_lr0.05_d2_n200
2011,267,0.6169450150682516,0.2144439632312569,0.7119023047815618,0.6554307116104869,hgb_lr0.05_d2_n200
2012,266,0.6303773282727789,0.22063655264750617,0.6787280701754385,0.6390977443609023,hgb_lr0.05_d2_n200
2013,266,0.6374358063707131,0.22386558907012682,0.6543819432198907,0.6353383458646616,hgb_lr0.05_d2_n200
2014,266,0.6124398340406269,0.21246528577985063,0.7238128289663948,0.6541353383458647,hgb_lr0.05_d2_n200
2015,267,0.6606331178229355,0.23364857452365626,0.6387224420576598,0.6217228464419475,hgb_lr0.05_d2_n200
2016,265,0.6342585900037614,0.22241606529267555,0.6790029325513197,0.6226415094339622,hgb_lr0.05_d2_n200
2017,267,0.6236406672307192,0.2167556706353793,0.6982837528604119,0.6853932584269663,hgb_lr0.05_d2_n200
2018,265,0.6282191674977278,0.21959729463390265,0.6783982018218384,0.6377358490566037,hgb_lr0.05_d2_n200
2019,266,0.6418091566939799,0.22494419567709303,0.6895711777035065,0.6278195488721805,hgb_lr0.05_d2_n200
2020,268,0.6310474606558301,0.22017660723766752,0.7252728892849187,0.6343283582089553,hgb_lr0.05_d2_n200
2021,284,0.6451551017806397,0.2279206995254562,0.6872734495257957,0.5880281690140845,hgb_lr0.05_d2_n200
2022,282,0.6318273147330854,0.22084998699990493,0.6896004098360655,0.6276595744680851,hgb_lr0.05_d2_n200
2008,266,0.6435324759729436,0.22647264761108166,0.6632882234379498,0.6090225563909775,xgb_d2
2009,267,0.6102432955004403,0.21043234834121807,0.7211902304781562,0.6966292134831461,xgb_d2
2010,267,0.6533739789491904,0.23055190483269838,0.6528503293209176,0.6404494382022472,xgb_d2
2011,267,0.6191105374213556,0.2153899629233178,0.7089209952987043,0.6217228464419475,xgb_d2
2012,266,0.6300410951802785,0.22048900365369542,0.682421514312096,0.6090225563909775,xgb_d2
2013,266,0.6391096003047129,0.22449275550621053,0.6492094280844061,0.6203007518796992,xgb_d2
2014,266,0.6152529625691417,0.21343621680610123,0.7155416738966973,0.6654135338345865,xgb_d2
2015,267,0.6579317014284611,0.23258336543455224,0.6442622950819672,0.6367041198501873,xgb_d2
2016,265,0.6353037430148922,0.222842195819756,0.6696774193548388,0.6188679245283019,xgb_d2
2017,267,0.621585165423071,0.21563373946206715,0.7016018306636156,0.6779026217228464,xgb_d2
2018,265,0.6282077047825062,0.21940209075804065,0.6810008281083639,0.6339622641509434,xgb_d2
2019,266,0.6422347157071701,0.22498983098481803,0.6878151022489095,0.6390977443609023,xgb_d2
2020,268,0.6278438074030938,0.21889839140495315,0.7263867231009133,0.6380597014925373,xgb_d2
2021,284,0.647929656513314,0.22898780254129808,0.6842941556184519,0.5915492957746479,xgb_d2
2022,282,0.6320335294986376,0.22078552818081035,0.6896516393442622,0.6276595744680851,xgb_d2
2008,266,0.6448843574680931,0.22715960344252054,0.6608695652173913,0.6090225563909775,xgb_d3
2009,267,0.613669474587475,0.21191244869188292,0.7195275771127164,0.7078651685393258,xgb_d3
2010,267,0.6559277425674762,0.23174708395315047,0.6460367930956167,0.6217228464419475,xgb_d3
2011,267,0.6250000034550971,0.21800006828292348,0.6999197339754615,0.6292134831460674,xgb_d3
2012,266,0.6354808377448332,0.22284511836823212,0.6724953831948292,0.6240601503759399,xgb_d3
2013,266,0.6425337230493142,0.2258031175024334,0.643507905719156,0.6240601503759399,xgb_d3
2014,266,0.6182682945558737,0.2146730795300632,0.7138064665394181,0.6654135338345865,xgb_d3
2015,267,0.6561319389977692,0.23184053506065047,0.646184284906727,0.6367041198501873,xgb_d3
2016,265,0.6401491976218204,0.22495432425271986,0.661700879765396,0.6226415094339622,xgb_d3
2017,267,0.6244988419173274,0.2169547031805556,0.6986842105263157,0.6779026217228464,xgb_d3
2018,265,0.6303981888697577,0.22042302819167786,0.6798769667573642,0.6377358490566037,xgb_d3
2019,266,0.6460443631130116,0.22670633470766385,0.6796578485243301,0.6428571428571429,xgb_d3
2020,268,0.6303802009479149,0.2199439451826867,0.7262753397193139,0.6380597014925373,xgb_d3
2021,284,0.6487550064524517,0.22928086220277732,0.6813148617111078,0.5845070422535211,xgb_d3
2022,282,0.6339988552604973,0.2216201824198509,0.684375,0.648936170212766,xgb_d3
