game_id,season,week,home_team,away_team,kickoff_ts,neutral,home_win_prob,away_win_prob,elo_home_win_prob,pick,confidence
2026_01_Patriots_Seahawks,2026,1,Seahawks,Patriots,2026-09-09 20:20:00,False,0.6808726819998323,0.3191273180001677,0.6715488357411602,Seahawks,0.3617453639996646
2026_01_49ers_Rams,2026,1,Rams,49ers,2026-09-10 20:35:00,False,0.6618425004948864,0.33815749950511365,0.6375707860319564,Rams,0.3236850009897727
2026_01_Bears_Panthers,2026,1,Panthers,Bears,2026-09-13 13:00:00,False,0.4290589800607988,0.5709410199392012,0.42644420106848596,Bears,0.14188203987840242
2026_01_Bills_Texans,2026,1,Texans,Bills,2026-09-13 13:00:00,False,0.5261118659338301,0.4738881340661699,0.5699856433525697,Texans,0.05222373186766016
2026_01_Browns_Jaguars,2026,1,Jaguars,Browns,2026-09-13 13:00:00,False,0.8254617362733978,0.1745382637266022,0.754255200570956,Jaguars,0.6509234725467956
2026_01_Buccaneers_Bengals,2026,1,Bengals,Buccaneers,2026-09-13 13:00:00,False,0.5941406583431743,0.4058593416568257,0.570697829676804,Bengals,0.18828131668634862
2026_01_Falcons_Steelers,2026,1,Steelers,Falcons,2026-09-13 13:00:00,False,0.5376040982497979,0.46239590175020207,0.6219007973642345,Steelers,0.07520819649959587
2026_01_Jets_Titans,2026,1,Titans,Jets,2026-09-13 13:00:00,False,0.6389601120419008,0.36103988795809916,0.5633133282834328,Titans,0.2779202240838017
2026_01_Ravens_Colts,2026,1,Colts,Ravens,2026-09-13 13:00:00,False,0.4079367201329702,0.5920632798670298,0.45989459172857766,Ravens,0.18412655973405956
2026_01_Saints_Lions,2026,1,Lions,Saints,2026-09-13 13:00:00,False,0.5562754149398926,0.44372458506010737,0.7203169652020098,Lions,0.11255082987978526
2026_01_Cardinals_Chargers,2026,1,Chargers,Cardinals,2026-09-13 16:25:00,False,0.6658621595891346,0.33413784041086536,0.7410304868823038,Chargers,0.3317243191782693
2026_01_Commanders_Eagles,2026,1,Eagles,Commanders,2026-09-13 16:25:00,False,0.7684803013955461,0.23151969860445387,0.6966255180689351,Eagles,0.5369606027910923
2026_01_Dolphins_Raiders,2026,1,Raiders,Dolphins,2026-09-13 16:25:00,False,0.3973383801885056,0.6026616198114945,0.41416725845938773,Dolphins,0.20532323962298882
2026_01_Packers_Vikings,2026,1,Vikings,Packers,2026-09-13 16:25:00,False,0.59151558030849,0.40848441969150995,0.6046483382641472,Vikings,0.1830311606169801
2026_01_Cowboys_Giants,2026,1,Giants,Cowboys,2026-09-13 20:20:00,False,0.5270549351748139,0.47294506482518606,0.5223254279555719,Giants,0.05410987034962789
2026_01_Broncos_Chiefs,2026,1,Chiefs,Broncos,2026-09-14 20:15:00,False,0.3657044514472782,0.6342955485527217,0.39948517695574065,Broncos,0.2685910971054436
2026_02_Lions_Bills,2026,2,Bills,Lions,2026-09-17 20:15:00,False,0.7337386462864037,0.26626135371359627,0.6370316565304486,Bills,0.46747729257280746
2026_02_Bengals_Texans,2026,2,Texans,Bengals,2026-09-20 13:00:00,False,0.7225309638177797,0.2774690361822203,0.7306691090208537,Texans,0.4450619276355594
2026_02_Browns_Buccaneers,2026,2,Buccaneers,Browns,2026-09-20 13:00:00,False,0.641013865378394,0.358986134621606,0.6448797592057514,Buccaneers,0.282027730756788
2026_02_Eagles_Titans,2026,2,Titans,Eagles,2026-09-20 13:00:00,False,0.2608308338175392,0.7391691661824609,0.29510978938919075,Eagles,0.4783383323649216
2026_02_Packers_Jets,2026,2,Jets,Packers,2026-09-20 13:00:00,False,0.26725791321141484,0.7327420867885852,0.3385267981461722,Packers,0.4654841735771703
2026_02_Panthers_Falcons,2026,2,Falcons,Panthers,2026-09-20 13:00:00,False,0.6748923601774264,0.3251076398225736,0.6261141970391966,Falcons,0.34978472035485275
2026_02_Saints_Ravens,2026,2,Ravens,Saints,2026-09-20 13:00:00,False,0.679467831919208,0.320532168080792,0.7067196545186798,Ravens,0.358935663838416
2026_02_Steelers_Patriots,2026,2,Patriots,Steelers,2026-09-20 13:00:00,False,0.7593081562594386,0.2406918437405614,0.685006651590935,Patriots,0.5186163125188772
2026_02_Vikings_Bears,2026,2,Bears,Vikings,2026-09-20 13:00:00,False,0.5584439241316613,0.44155607586833867,0.5377335296230783,Bears,0.11688784826332266
2026_02_Jaguars_Broncos,2026,2,Broncos,Jaguars,2026-09-20 16:05:00,False,0.4768672393404619,0.5231327606595382,0.6221052174246059,Jaguars,0.04626552131907624
2026_02_Raiders_Chargers,2026,2,Chargers,Raiders,2026-09-20 16:05:00,False,0.7220669918907484,0.2779330081092516,0.7851332386911217,Chargers,0.4441339837814968
2026_02_Commanders_Cowboys,2026,2,Cowboys,Commanders,2026-09-20 16:25:00,False,0.6276110124343859,0.3723889875656141,0.5637273636832657,Cowboys,0.25522202486877177
2026_02_Dolphins_49ers,2026,2,49ers,Dolphins,2026-09-20 16:25:00,False,0.7408358403434104,0.25916415965658957,0.7004631813243423,49ers,0.48167168068682087
2026_02_Seahawks_Cardinals,2026,2,Cardinals,Seahawks,2026-09-20 16:25:00,False,0.17470915399618775,0.8252908460038122,0.20656183668371525,Seahawks,0.6505816920076245
2026_02_Colts_Chiefs,2026,2,Chiefs,Colts,2026-09-20 20:20:00,False,0.5214318729768093,0.47856812702319074,0.5997890619263867,Chiefs,0.042863745953618526
2026_02_Giants_Rams,2026,2,Rams,Giants,2026-09-21 20:15:00,False,0.8060120448358609,0.19398795516413914,0.790531545376423,Rams,0.6120240896717217
2026_03_Falcons_Packers,2026,3,Packers,Falcons,2026-09-24 20:15:00,False,0.5899409741848665,0.41005902581513354,0.6425041151993512,Packers,0.17988194836973292
2026_03_Bengals_Steelers,2026,3,Steelers,Bengals,2026-09-27 13:00:00,False,0.5721563221643722,0.4278436778356278,0.6110625428435237,Steelers,0.14431264432874435
2026_03_Chargers_Bills,2026,3,Bills,Chargers,2026-09-27 13:00:00,False,0.8154095183717708,0.18459048162822922,0.6736360238277029,Bills,0.6308190367435416
2026_03_Chiefs_Dolphins,2026,3,Dolphins,Chiefs,2026-09-27 13:00:00,False,0.5933957031628342,0.4066042968371658,0.5232375578235772,Dolphins,0.18679140632566837
2026_03_Jets_Lions,2026,3,Lions,Jets,2026-09-27 13:00:00,False,0.8149066136112693,0.18509338638873074,0.8003406217459218,Lions,0.6298132272225385
2026_03_Panthers_Browns,2026,3,Browns,Panthers,2026-09-27 13:00:00,False,0.550060424322788,0.449939575677212,0.5579237015069828,Browns,0.10012084864557602
2026_03_Patriots_Jaguars,2026,3,Jaguars,Patriots,2026-09-27 13:00:00,False,0.6140784997048154,0.38592150029518457,0.5291454089288963,Jaguars,0.22815699940963086
2026_03_Seahawks_Commanders,2026,3,Commanders,Seahawks,2026-09-27 13:00:00,False,0.2392393807657308,0.7607606192342692,0.2788142062800047,Seahawks,0.5215212384685384
2026_03_Texans_Colts,2026,3,Colts,Texans,2026-09-27 13:00:00,False,0.3798714537719013,0.6201285462280988,0.3730926004635367,Texans,0.24025709245619742
2026_03_Titans_Giants,2026,3,Giants,Titans,2026-09-27 13:00:00,False,0.6962321109021705,0.3037678890978295,0.6595724042326343,Giants,0.39246422180434104
2026_03_Cardinals_49ers,2026,3,49ers,Cardinals,2026-09-27 16:05:00,False,0.7861086791582291,0.21389132084177087,0.7734815130001047,49ers,0.5722173583164583
2026_03_Vikings_Buccaneers,2026,3,Buccaneers,Vikings,2026-09-27 16:05:00,False,0.47021573285498214,0.5297842671450179,0.46387915326881746,Vikings,0.059568534290035724
2026_03_Raiders_Saints,2026,3,Saints,Raiders,2026-09-27 16:25:00,False,0.7815131744882282,0.2184868255117718,0.6874627718562243,Saints,0.5630263489764564
2026_03_Ravens_Cowboys,2026,3,Cowboys,Ravens,2026-09-27 16:25:00,False,0.42454006681807066,0.5754599331819293,0.4454833737014726,Ravens,0.15091986636385868
2026_03_Rams_Broncos,2026,3,Broncos,Rams,2026-09-27 20:20:00,False,0.4884520537542527,0.5115479462457473,0.5699884175418773,Rams,0.023095892491494574
2026_03_Eagles_Bears,2026,3,Bears,Eagles,2026-09-28 20:15:00,False,0.4919001779165076,0.5080998220834925,0.5301246095532931,Eagles,0.016199644166984828
2026_04_Steelers_Browns,2026,4,Browns,Steelers,2026-10-01 20:15:00,False,0.47872788542972683,0.5212721145702732,0.44328360118358984,Steelers,0.04254422914054634
2026_04_Colts_Commanders,2026,4,Commanders,Colts,2026-10-04 09:30:00,False,0.5228559001766605,0.4771440998233395,0.5592570022938766,Commanders,0.04571180035332101
2026_04_Cardinals_Giants,2026,4,Giants,Cardinals,2026-10-04 13:00:00,False,0.6653086572558169,0.3346913427441831,0.614147255564629,Giants,0.3306173145116338
2026_04_Cowboys_Texans,2026,4,Texans,Cowboys,2026-10-04 13:00:00,False,0.7268136987798833,0.27318630122011667,0.7557950620748763,Texans,0.45362739755976667
2026_04_Jaguars_Bengals,2026,4,Bengals,Jaguars,2026-10-04 13:00:00,False,0.35691226406744214,0.6430877359325579,0.4402540948640155,Jaguars,0.2861754718651157
2026_04_Jets_Bears,2026,4,Bears,Jets,2026-10-04 13:00:00,False,0.823663502998736,0.17633649700126397,0.7765996012150601,Bears,0.6473270059974721
2026_04_Packers_Buccaneers,2026,4,Buccaneers,Packers,2026-10-04 13:00:00,False,0.46513128104658374,0.5348687189534163,0.5009564098042353,Packers,0.06973743790683251
2026_04_Patriots_Bills,2026,4,Bills,Patriots,2026-10-04 13:00:00,False,0.6129297042091463,0.3870702957908537,0.5784711043712301,Bills,0.22585940841829255
2026_04_Rams_Eagles,2026,4,Eagles,Rams,2026-10-04 13:00:00,False,0.5095416447312655,0.4904583552687345,0.4966034903769792,Eagles,0.019083289462531017
2026_04_Titans_Ravens,2026,4,Ravens,Titans,2026-10-04 13:00:00,False,0.8421843032484299,0.15781569675157014,0.7930789487394967,Ravens,0.6843686064968597
2026_04_Dolphins_Vikings,2026,4,Vikings,Dolphins,2026-10-04 16:05:00,False,0.7105148775670972,0.2894851224329028,0.6937174778488928,Vikings,0.4210297551341944
2026_04_Broncos_49ers,2026,4,49ers,Broncos,2026-10-04 16:25:00,False,0.5501369445623364,0.4498630554376636,0.49557276892214996,49ers,0.10027388912467283
2026_04_Chargers_Seahawks,2026,4,Seahawks,Chargers,2026-10-04 16:25:00,False,0.8459594474994435,0.15404055250055648,0.7546142075243293,Seahawks,0.691918894998887
2026_04_Chiefs_Raiders,2026,4,Raiders,Chiefs,2026-10-04 16:25:00,False,0.42306683311193655,0.5769331668880635,0.3705035010826874,Chiefs,0.1538663337761269
2026_04_Lions_Panthers,2026,4,Panthers,Lions,2026-10-04 20:20:00,False,0.443166116326584,0.556833883673416,0.3920176291790876,Lions,0.11366776734683204
2026_04_Falcons_Saints,2026,4,Saints,Falcons,2026-10-05 20:15:00,False,0.5462824417018594,0.45371755829814064,0.5206041132896737,Saints,0.09256488340371871
2026_05_Buccaneers_Cowboys,2026,5,Cowboys,Buccaneers,2026-10-08 20:15:00,False,0.5880777682148565,0.41192223178514353,0.5381647139008955,Cowboys,0.17615553642971293
2026_05_Eagles_Jaguars,2026,5,Jaguars,Eagles,2026-10-11 09:30:00,False,0.6472228065300955,0.35277719346990455,0.5865004797064393,Jaguars,0.2944456130601909
2026_05_Bengals_Dolphins,2026,5,Dolphins,Bengals,2026-10-11 13:00:00,False,0.5024294097563526,0.49757059024364736,0.5368631629804429,Dolphins,0.004858819512705281
2026_05_Browns_Jets,2026,5,Jets,Browns,2026-10-11 13:00:00,False,0.3942382584311134,0.6057617415688866,0.48073843228350016,Browns,0.21152348313777325
2026_05_Colts_Steelers,2026,5,Steelers,Colts,2026-10-11 13:00:00,False,0.6256835867846183,0.37431641321538167,0.628398710970527,Steelers,0.25136717356923666
2026_05_Giants_Commanders,2026,5,Commanders,Giants,2026-10-11 13:00:00,False,0.544099616399505,0.455900383600495,0.618518825999361,Commanders,0.08819923279900999
2026_05_Raiders_Patriots,2026,5,Patriots,Raiders,2026-10-11 13:00:00,False,0.8633948495578472,0.13660515044215282,0.8460579648759711,Patriots,0.7267896991156944
2026_05_Texans_Titans,2026,5,Titans,Texans,2026-10-11 13:00:00,False,0.25068400149985537,0.7493159985001446,0.24064067954234708,Texans,0.49863199700028926
2026_05_Vikings_Saints,2026,5,Saints,Vikings,2026-10-11 13:00:00,False,0.5155914970698895,0.4844085029301105,0.4070830367183992,Saints,0.031182994139778986
2026_05_Broncos_Chargers,2026,5,Chargers,Broncos,2026-10-11 16:05:00,False,0.3981010766158185,0.6018989233841815,0.451539310640594,Broncos,0.203797846768363
2026_05_49ers_Seahawks,2026,5,Seahawks,49ers,2026-10-11 16:25:00,False,0.7311806577491236,0.26881934225087645,0.7204371837924182,Seahawks,0.4623613154982471
2026_05_Bears_Packers,2026,5,Packers,Bears,2026-10-11 16:25:00,False,0.5716423806592396,0.42835761934076044,0.5628748113161568,Packers,0.14328476131847911
2026_05_Lions_Cardinals,2026,5,Cardinals,Lions,2026-10-11 16:25:00,False,0.37083891701109556,0.6291610829889045,0.3405410694489771,Lions,0.2583221659778089
2026_05_Ravens_Falcons,2026,5,Falcons,Ravens,2026-10-11 20:20:00,False,0.46097072495863134,0.5390292750413687,0.46678956441730834,Ravens,0.07805855008273732
2026_05_Bills_Rams,2026,5,Rams,Bills,2026-10-12 20:15:00,False,0.5725807467510267,0.42741925324897334,0.5727826509597107,Rams,0.14516149350205332
2026_06_Seahawks_Broncos,2026,6,Broncos,Seahawks,2026-10-15 20:15:00,False,0.41925244624614716,0.5807475537538529,0.4750230083860554,Seahawks,0.16149510750770568
2026_06_Texans_Jaguars,2026,6,Jaguars,Texans,2026-10-18 09:30:00,False,0.6314916611066691,0.3685083388933309,0.5177529153188721,Jaguars,0.2629833222133382
2026_06_Bears_Falcons,2026,6,Falcons,Bears,2026-10-18 13:00:00,False,0.5445834925447862,0.4554165074552138,0.48572849178654853,Falcons,0.08916698508957244
2026_06_Jets_Patriots,2026,6,Patriots,Jets,2026-10-18 13:00:00,False,0.8810897175690128,0.11891028243098722,0.8367753373205845,Patriots,0.7621794351380256
2026_06_Panthers_Eagles,2026,6,Eagles,Panthers,2026-10-18 13:00:00,False,0.745435732516858,0.254564267483142,0.7319737587512227,Eagles,0.49087146503371604
2026_06_Ravens_Browns,2026,6,Browns,Ravens,2026-10-18 13:00:00,False,0.340164284069036,0.659835715930964,0.39750298854423327,Ravens,0.31967143186192803
2026_06_Saints_Giants,2026,6,Giants,Saints,2026-10-18 13:00:00,False,0.4798509547114925,0.5201490452885076,0.549167826292697,Saints,0.040298090577015055
2026_06_Steelers_Buccaneers,2026,6,Buccaneers,Steelers,2026-10-18 13:00:00,False,0.5805771799701746,0.41942282002982545,0.5230963082180505,Buccaneers,0.1611543599403491
2026_06_Titans_Colts,2026,6,Colts,Titans,2026-10-18 13:00:00,False,0.7175935600142371,0.28240643998576287,0.712285107662263,Colts,0.43518712002847426
2026_06_Cardinals_Rams,2026,6,Rams,Cardinals,2026-10-18 16:05:00,False,0.8456016148878939,0.15439838511210613,0.820037432928818,Rams,0.6912032297757877
2026_06_Bills_Raiders,2026,6,Raiders,Bills,2026-10-18 16:25:00,False,0.1823523498128303,0.8176476501871697,0.23297622818762526,Bills,0.6352953003743393
2026_06_Chargers_Chiefs,2026,6,Chiefs,Chargers,2026-10-18 16:25:00,False,0.592624710753799,0.40737528924620103,0.5157829342882643,Chiefs,0.18524942150759793
2026_06_Cowboys_Packers,2026,6,Packers,Cowboys,2026-10-18 20:20:00,False,0.6134065275014149,0.3865934724985851,0.6619841042102025,Packers,0.22681305500282978
2026_06_Commanders_49ers,2026,6,49ers,Commanders,2026-10-19 20:15:00,False,0.7326227132003147,0.2673772867996853,0.6969150888740344,49ers,0.4652454264006294
2026_07_Patriots_Bears,2026,7,Bears,Patriots,2026-10-22 20:15:00,False,0.45891785627901727,0.5410821437209827,0.4719897003074516,Patriots,0.08216428744196547
2026_07_Steelers_Saints,2026,7,Saints,Steelers,2026-10-25 09:30:00,False,0.6112758325299991,0.38872416747000094,0.46534300655551436,Saints,0.22255166505999813
2026_07_49ers_Falcons,2026,7,Falcons,49ers,2026-10-25 13:00:00,False,0.4867973658034941,0.5132026341965059,0.44666919929129445,49ers,0.026405268393011827
2026_07_Bengals_Ravens,2026,7,Ravens,Bengals,2026-10-25 13:00:00,False,0.6815135464705494,0.3184864535294506,0.654711597503963,Ravens,0.3630270929410988
2026_07_Browns_Titans,2026,7,Titans,Browns,2026-10-25 13:00:00,False,0.48107956714515887,0.5189204328548411,0.475326416734813,Browns,0.03784086570968226
2026_07_Buccaneers_Panthers,2026,7,Panthers,Buccaneers,2026-10-25 13:00:00,False,0.5157822729864953,0.48421772701350474,0.49989586582906226,Panthers,0.03156454597299052
2026_07_Colts_Vikings,2026,7,Vikings,Colts,2026-10-25 13:00:00,False,0.7212602830060644,0.2787397169939356,0.6819049256480044,Vikings,0.44252056601212875
2026_07_Dolphins_Jets,2026,7,Jets,Dolphins,2026-10-25 13:00:00,False,0.3448178908721458,0.6551821091278542,0.4311450856224037,Dolphins,0.31036421825570837
2026_07_Giants_Texans,2026,7,Texans,Giants,2026-10-25 13:00:00,False,0.7641150709901661,0.23588492900983393,0.788634074947286,Texans,0.5282301419803321
2026_07_Broncos_Cardinals,2026,7,Cardinals,Broncos,2026-10-25 16:05:00,False,0.2802260314833475,0.7197739685166524,0.2749852811534339,Broncos,0.43954793703330497
2026_07_Packers_Lions,2026,7,Lions,Packers,2026-10-25 16:25:00,False,0.577381694712461,0.42261830528753896,0.6087945969871966,Lions,0.15476338942492207
2026_07_Rams_Raiders,2026,7,Raiders,Rams,2026-10-25 16:25:00,False,0.1807814910624714,0.8192185089375286,0.22996929534134644,Rams,0.6384370178750571
2026_07_Chiefs_Seahawks,2026,7,Seahawks,Chiefs,2026-10-25 20:20:00,False,0.8707173495950632,0.1292826504049368,0.7919191328729928,Seahawks,0.7414346991901264
2026_07_Cowboys_Eagles,2026,7,Eagles,Cowboys,2026-10-26 20:15:00,False,0.7187769724368769,0.2812230275631231,0.7008370227210822,Eagles,0.43755394487375376
2026_08_Panthers_Packers,2026,8,Packers,Panthers,2026-10-29 20:15:00,False,0.6984961284680743,0.3015038715319257,0.6954071482397159,Packers,0.3969922569361486
2026_08_Browns_Steelers,2026,8,Steelers,Browns,2026-11-01 13:00:00,False,0.6628135430145515,0.33718645698544847,0.6857806737644558,Steelers,0.32562708602910306
2026_08_Cardinals_Cowboys,2026,8,Cowboys,Cardinals,2026-11-01 13:00:00,False,0.6928902372113772,0.3071097627886228,0.6573997589455214,Cowboys,0.3857804744227544
2026_08_Colts_Jaguars,2026,8,Jaguars,Colts,2026-11-01 13:00:00,False,0.8172978844192363,0.18270211558076366,0.7039802089600663,Jaguars,0.6345957688384727
2026_08_Falcons_Buccaneers,2026,8,Buccaneers,Falcons,2026-11-01 13:00:00,False,0.5157571902906236,0.4842428097093764,0.5778039399400919,Buccaneers,0.031514380581247226
2026_08_Raiders_Jets,2026,8,Jets,Raiders,2026-11-01 13:00:00,False,0.5351262798185294,0.46487372018147055,0.5856215023466683,Jets,0.0702525596370589
2026_08_Ravens_Bills,2026,8,Bills,Ravens,2026-11-01 13:00:00,False,0.6940114954639222,0.30598850453607784,0.6522701729360052,Bills,0.3880229909278443
2026_08_Titans_Bengals,2026,8,Bengals,Titans,2026-11-01 13:00:00,False,0.7367342189603278,0.26326578103967224,0.7271242578220234,Bengals,0.4734684379206555
2026_08_Vikings_Lions,2026,8,Lions,Vikings,2026-11-01 13:00:00,False,0.5230622330913066,0.4769377669086934,0.57289853470924,Lions,0.04612446618261323
2026_08_Chargers_Rams,2026,8,Rams,Chargers,2026-11-01 16:05:00,False,0.7720381596881266,0.2279618403118734,0.6773412422263047,Rams,0.5440763193762532
2026_08_Chiefs_Broncos,2026,8,Broncos,Chiefs,2026-11-01 16:25:00,False,0.7594537736114707,0.2405462263885293,0.7231680703081534,Broncos,0.5189075472229414
2026_08_Patriots_Dolphins,2026,8,Dolphins,Patriots,2026-11-01 16:25:00,False,0.31379089933436494,0.686209100665635,0.3709095818372347,Patriots,0.3724182013312701
2026_08_Eagles_Commanders,2026,8,Commanders,Eagles,2026-11-01 20:20:00,False,0.38589415629052937,0.6141058437094706,0.4307824208943385,Eagles,0.22821168741894127
2026_08_Bears_Seahawks,2026,8,Seahawks,Bears,2026-11-02 20:15:00,False,0.764642460877738,0.23535753912226198,0.7509466375155046,Seahawks,0.529284921755476
2026_09_Jaguars_Ravens,2026,9,Ravens,Jaguars,2026-11-05 20:15:00,False,0.5209592842158106,0.4790407157841894,0.5308043644290935,Ravens,0.04191856843162123
2026_09_Bengals_Falcons,2026,9,Falcons,Bengals,2026-11-08 09:30:00,False,0.598961858946621,0.401038141053379,0.5573630675889135,Falcons,0.19792371789324203
2026_09_Broncos_Panthers,2026,9,Panthers,Broncos,2026-11-08 13:00:00,False,0.37833828745266895,0.621661712547331,0.3213816587339327,Broncos,0.2433234250946621
2026_09_Browns_Saints,2026,9,Saints,Browns,2026-11-08 13:00:00,False,0.7222586852422984,0.2777413147577016,0.5903242065171872,Saints,0.44451737048459683
2026_09_Cowboys_Colts,2026,9,Colts,Cowboys,2026-11-08 13:00:00,False,0.5480098168689199,0.4519901831310801,0.5828490459120461,Colts,0.09601963373783984
2026_09_Giants_Eagles,2026,9,Eagles,Giants,2026-11-08 13:00:00,False,0.7240348348694567,0.27596516513054326,0.7385094879410149,Eagles,0.4480696697389135
2026_09_Jets_Chiefs,2026,9,Chiefs,Jets,2026-11-08 13:00:00,False,0.7298105970026064,0.2701894029973936,0.7336252430483108,Chiefs,0.45962119400521284
2026_09_Lions_Dolphins,2026,9,Dolphins,Lions,2026-11-08 13:00:00,False,0.46111308688644465,0.5388869131135554,0.4298867518587439,Lions,0.07777382622711071
2026_09_Rams_Commanders,2026,9,Commanders,Rams,2026-11-08 13:00:00,False,0.2892681821375669,0.7107318178624331,0.3615700709847264,Rams,0.4214636357248662
2026_09_Raiders_49ers,2026,9,49ers,Raiders,2026-11-08 16:05:00,False,0.8504331890306546,0.14956681096934543,0.813449079724972,49ers,0.7008663780613091
2026_09_Texans_Chargers,2026,9,Chargers,Texans,2026-11-08 16:05:00,False,0.3276116796984345,0.6723883203015655,0.45573155842367286,Texans,0.34477664060313096
2026_09_Cardinals_Seahawks,2026,9,Seahawks,Cardinals,2026-11-08 16:25:00,False,0.8810015835167777,0.11899841648322229,0.8697099007206439,Seahawks,0.7620031670335554
2026_09_Packers_Patriots,2026,9,Patriots,Packers,2026-11-08 16:25:00,False,0.6620340075418303,0.3379659924581697,0.66557788338605,Patriots,0.32406801508366057
2026_09_Buccaneers_Bears,2026,9,Bears,Buccaneers,2026-11-08 20:20:00,False,0.6574589322673122,0.3425410677326878,0.6392861949054434,Bears,0.31491786453462445
2026_09_Bills_Vikings,2026,9,Vikings,Bills,2026-11-09 20:15:00,False,0.4444388445501928,0.5555611554498072,0.4931853945327933,Bills,0.11112231089961444
2026_10_Commanders_Giants,2026,10,Giants,Commanders,2026-11-12 20:15:00,False,0.5938099523103473,0.4061900476896527,0.5173316271838333,Giants,0.18761990462069456
2026_10_Patriots_Lions,2026,10,Lions,Patriots,2026-11-15 09:30:00,False,0.4225663426009782,0.5774336573990217,0.5075761075507979,Patriots,0.1548673147980436
2026_10_Bills_Jets,2026,10,Jets,Bills,2026-11-15 13:00:00,False,0.17287802744536546,0.8271219725546346,0.2456409181822997,Bills,0.6542439451092691
2026_10_Chiefs_Falcons,2026,10,Falcons,Chiefs,2026-11-15 13:00:00,False,0.6845587995487509,0.3154412004512491,0.5438281110697116,Falcons,0.36911759909750175
2026_10_Dolphins_Colts,2026,10,Colts,Dolphins,2026-11-15 13:00:00,False,0.6069640395653703,0.39303596043462974,0.5820822496425467,Colts,0.21392807913074052
2026_10_Jaguars_Titans,2026,10,Titans,Jaguars,2026-11-15 13:00:00,False,0.2310384448568654,0.7689615551431346,0.2801129264050156,Jaguars,0.5379231102862692
2026_10_Panthers_Saints,2026,10,Saints,Panthers,2026-11-15 13:00:00,False,0.6766839329574702,0.3233160670425298,0.5797471015177752,Saints,0.3533678659149404
2026_10_Texans_Browns,2026,10,Browns,Texans,2026-11-15 13:00:00,False,0.3149979835720513,0.6850020164279487,0.3155960067573073,Texans,0.37000403285589745
2026_10_Vikings_Packers,2026,10,Packers,Vikings,2026-11-15 13:00:00,False,0.5543628167494167,0.4456371832505833,0.5318938975910964,Packers,0.10872563349883335
2026_10_Rams_Cardinals,2026,10,Cardinals,Rams,2026-11-15 16:05:00,False,0.23018889419262123,0.7698111058073788,0.27608190106876,Rams,0.5396222116147575
2026_10_Seahawks_Raiders,2026,10,Raiders,Seahawks,2026-11-15 16:05:00,False,0.1482033108619937,0.8517966891380063,0.16934455161982812,Seahawks,0.7035933782760126
2026_10_49ers_Cowboys,2026,10,Cowboys,49ers,2026-11-15 16:25:00,False,0.4394690769686256,0.5605309230313744,0.42554844041758366,49ers,0.12106184606274883
2026_10_Steelers_Bengals,2026,10,Bengals,Steelers,2026-11-15 20:20:00,False,0.5365630688748511,0.46343693112514894,0.5251885739398425,Bengals,0.07312613774970211
2026_10_Chargers_Ravens,2026,10,Ravens,Chargers,2026-11-16 20:15:00,False,0.7757042816630617,0.2242957183369383,0.591931017759129,Ravens,0.5514085633261234
2026_11_Colts_Texans,2026,11,Texans,Colts,2026-11-19 20:15:00,False,0.7513387490483697,0.24866125095163027,0.744899669438368,Texans,0.5026774980967395
2026_11_Buccaneers_Lions,2026,11,Lions,Buccaneers,2026-11-22 13:00:00,False,0.5884522344258951,0.4115477655741049,0.6714460797941988,Lions,0.17690446885179023
2026_11_Cardinals_Chiefs,2026,11,Chiefs,Cardinals,2026-11-22 13:00:00,False,0.6385213224338977,0.3614786775661023,0.698080485087127,Chiefs,0.2770426448677954
2026_11_Dolphins_Bills,2026,11,Bills,Dolphins,2026-11-22 13:00:00,False,0.808207126545336,0.191792873454664,0.754197732304928,Bills,0.616414253090672
2026_11_Jaguars_Giants,2026,11,Giants,Jaguars,2026-11-22 13:00:00,False,0.3345999529417446,0.6654000470582554,0.3638199663857027,Jaguars,0.3308000941165108
2026_11_Ravens_Panthers,2026,11,Panthers,Ravens,2026-11-22 13:00:00,False,0.3618994568800179,0.6381005431199821,0.4079830176572189,Ravens,0.2762010862399642
2026_11_Saints_Bears,2026,11,Bears,Saints,2026-11-22 13:00:00,False,0.6345088088161744,0.36549119118382556,0.6907374120763842,Bears,0.2690176176323489
2026_11_Titans_Cowboys,2026,11,Cowboys,Titans,2026-11-22 13:00:00,False,0.7315448024707325,0.2684551975292675,0.7002184619481758,Cowboys,0.463089604941465
2026_11_Jets_Chargers,2026,11,Chargers,Jets,2026-11-22 16:05:00,False,0.7489727238352384,0.2510272761647616,0.7731618512767688,Chargers,0.49794544767047677
2026_11_Raiders_Broncos,2026,11,Broncos,Raiders,2026-11-22 16:25:00,False,0.8557720635664301,0.1442279364335699,0.8540341755679921,Broncos,0.7115441271328602
2026_11_Steelers_Eagles,2026,11,Eagles,Steelers,2026-11-22 16:25:00,False,0.7569577741728537,0.2430422258271463,0.6327595870914804,Eagles,0.5139155483457074
2026_11_Vikings_49ers,2026,11,49ers,Vikings,2026-11-22 20:20:00,False,0.5999523165742017,0.40004768342579833,0.5764599620450218,49ers,0.19990463314840334
2026_11_Bengals_Commanders,2026,11,Commanders,Bengals,2026-11-23 20:15:00,False,0.5057419055321745,0.49425809446782554,0.5410510297087713,Commanders,0.011483811064348926
2026_12_Packers_Rams,2026,12,Rams,Packers,2026-11-25 20:00:00,False,0.7082678475113928,0.2917321524886072,0.6781635350530852,Rams,0.41653569502278565
2026_12_Bears_Lions,2026,12,Lions,Bears,2026-11-26 13:00:00,False,0.5464121974633357,0.4535878025366643,0.6031902215966441,Lions,0.09282439492667138
2026_12_Eagles_Cowboys,2026,12,Cowboys,Eagles,2026-11-26 16:30:00,False,0.4135598949061973,0.5864401050938026,0.42588351393138374,Eagles,0.17288021018760535
2026_12_Chiefs_Bills,2026,12,Bills,Chiefs,2026-11-26 20:20:00,False,0.8249500833003248,0.17504991669967518,0.7186619652297381,Bills,0.6499001666006496
2026_12_Broncos_Steelers,2026,12,Steelers,Broncos,2026-11-27 15:00:00,False,0.4455561460751119,0.5544438539248882,0.4287767902230351,Broncos,0.1088877078497762
2026_12_Falcons_Vikings,2026,12,Vikings,Falcons,2026-11-29 13:00:00,False,0.5813330297347239,0.4186669702652761,0.6758600230097618,Vikings,0.1626660594694478
2026_12_Giants_Colts,2026,12,Colts,Giants,2026-11-29 13:00:00,False,0.6140633212799689,0.3859366787200311,0.6274818889050724,Colts,0.22812664255993775
2026_12_Jets_Dolphins,2026,12,Dolphins,Jets,2026-11-29 13:00:00,False,0.7387146312749425,0.2612853687250575,0.6963128890309854,Dolphins,0.47742926254988505
2026_12_Raiders_Browns,2026,12,Browns,Raiders,2026-11-29 13:00:00,False,0.714575026762843,0.285424973237157,0.6680300063170187,Browns,0.429150053525686
2026_12_Ravens_Texans,2026,12,Texans,Ravens,2026-11-29 13:00:00,False,0.6248507693421795,0.37514923065782046,0.6535126090013093,Texans,0.24970153868435907
2026_12_Saints_Bengals,2026,12,Bengals,Saints,2026-11-29 13:00:00,False,0.5179715751608626,0.48202842483913744,0.6262120738500433,Bengals,0.035943150321725126
2026_12_Titans_Jaguars,2026,12,Jaguars,Titans,2026-11-29 16:05:00,False,0.8731486751384172,0.1268513248615828,0.8170551642011897,Jaguars,0.7462973502768344
2026_12_Commanders_Cardinals,2026,12,Cardinals,Commanders,2026-11-29 16:25:00,False,0.48760076902127253,0.5123992309787275,0.470256554565778,Commanders,0.024798461957454943
2026_12_Seahawks_49ers,2026,12,49ers,Seahawks,2026-11-29 16:25:00,False,0.36390341675657056,0.6360965832434294,0.40275215797767866,Seahawks,0.2721931664868589
2026_12_Patriots_Chargers,2026,12,Chargers,Patriots,2026-11-29 20:20:00,False,0.3126257589032477,0.6873742410967523,0.4670811342263317,Patriots,0.37474848219350465
2026_12_Panthers_Buccaneers,2026,12,Buccaneers,Panthers,2026-11-30 20:15:00,False,0.631105887606547,0.36889411239345304,0.6348399012607211,Buccaneers,0.2622117752130939
2026_13_Chiefs_Rams,2026,13,Rams,Chiefs,2026-12-03 20:15:00,False,0.8240586403039055,0.17594135969609448,0.7220669091897117,Rams,0.648117280607811
2026_13_49ers_Giants,2026,13,Giants,49ers,2026-12-06 13:00:00,False,0.4037464405572281,0.5962535594427719,0.3806038285279774,49ers,0.19250711888554384
2026_13_Bengals_Browns,2026,13,Browns,Bengals,2026-12-06 13:00:00,False,0.4675790073933699,0.5324209926066301,0.4869090796013081,Bengals,0.06484198521326023
2026_13_Chargers_Buccaneers,2026,13,Buccaneers,Chargers,2026-12-06 13:00:00,False,0.6023411243380125,0.39765887566198754,0.5000151589456445,Buccaneers,0.2046822486760249
2026_13_Commanders_Titans,2026,13,Titans,Commanders,2026-12-06 13:00:00,False,0.4582513185694261,0.5417486814305739,0.4217180025056964,Commanders,0.08349736286114784
2026_13_Jaguars_Bears,2026,13,Bears,Jaguars,2026-12-06 13:00:00,False,0.4453436799796474,0.5546563200203526,0.5118571860196112,Jaguars,0.10931264004070518
2026_13_Lions_Falcons,2026,13,Falcons,Lions,2026-12-06 13:00:00,False,0.5407104385362353,0.45928956146376465,0.4502731996169178,Falcons,0.0814208770724707
2026_13_Packers_Saints,2026,13,Saints,Packers,2026-12-06 13:00:00,False,0.5103569111435271,0.4896430888564729,0.44337496117932845,Saints,0.020713822287054207
2026_13_Dolphins_Broncos,2026,13,Broncos,Dolphins,2026-12-06 16:05:00,False,0.7475845487644265,0.2524154512355735,0.7583260726711909,Broncos,0.49516909752885296
2026_13_Eagles_Cardinals,2026,13,Cardinals,Eagles,2026-12-06 16:05:00,False,0.26521356702613835,0.7347864329738616,0.3375829153281562,Eagles,0.4695728659477233
2026_13_Bills_Patriots,2026,13,Patriots,Bills,2026-12-06 16:25:00,False,0.5191914365282911,0.48080856347170886,0.5587573022224985,Patriots,0.03838287305658228
2026_13_Panthers_Vikings,2026,13,Vikings,Panthers,2026-12-06 16:25:00,False,0.7291314849851834,0.27086851501481657,0.7259325168117357,Vikings,0.45826296997036686
2026_13_Texans_Steelers,2026,13,Steelers,Texans,2026-12-06 20:20:00,False,0.42373716962622854,0.5762628303737715,0.4329245191303226,Texans,0.15252566074754292
2026_13_Cowboys_Seahawks,2026,13,Seahawks,Cowboys,2026-12-07 20:15:00,False,0.8028312953410295,0.19716870465897052,0.8209766490641076,Seahawks,0.605662590682059
2026_14_Vikings_Patriots,2026,14,Patriots,Vikings,2026-12-10 20:15:00,False,0.667073504771256,0.33292649522874396,0.6317404117553845,Patriots,0.3341470095425121
2026_14_Bears_Dolphins,2026,14,Dolphins,Bears,2026-12-13 13:00:00,False,0.44702336251829394,0.552976637481706,0.4650949093655459,Bears,0.10595327496341211
2026_14_Broncos_Jets,2026,14,Jets,Broncos,2026-12-13 13:00:00,False,0.25519223116569734,0.7448077688343027,0.24151441995007975,Broncos,0.4896155376686053
2026_14_Buccaneers_Ravens,2026,14,Ravens,Buccaneers,2026-12-13 13:00:00,False,0.771943041635542,0.22805695836445805,0.6566054990289834,Ravens,0.5438860832710839
2026_14_Colts_Eagles,2026,14,Eagles,Colts,2026-12-13 13:00:00,False,0.7090400945062147,0.29095990549378525,0.6885002207605756,Eagles,0.4180801890124295
2026_14_Falcons_Browns,2026,14,Browns,Falcons,2026-12-13 13:00:00,False,0.4330539061297965,0.5669460938702036,0.4983668992071679,Falcons,0.133892187740407
2026_14_Saints_Panthers,2026,14,Panthers,Saints,2026-12-13 13:00:00,False,0.44377408715959876,0.5562259128404012,0.5574662214773154,Saints,0.11245182568080248
2026_14_Texans_Commanders,2026,14,Commanders,Texans,2026-12-13 13:00:00,False,0.3318060760845074,0.6681939239154926,0.36421057374153365,Texans,0.3363878478309852
2026_14_Titans_Lions,2026,14,Lions,Titans,2026-12-13 13:00:00,False,0.7599946968458727,0.24000530315412727,0.8037840424669725,Lions,0.5199893936917455
2026_14_Chargers_Raiders,2026,14,Raiders,Chargers,2026-12-13 16:05:00,False,0.432890114182031,0.5671098858179691,0.3223015360870158,Chargers,0.134219771635938
2026_14_Chiefs_Bengals,2026,14,Bengals,Chiefs,2026-12-13 16:25:00,False,0.6379454936282809,0.3620545063717191,0.5551760690187079,Bengals,0.2758909872565618
2026_14_Giants_Seahawks,2026,14,Seahawks,Giants,2026-12-13 16:25:00,False,0.8374157188775814,0.16258428112241863,0.8468268802635782,Seahawks,0.6748314377551627
2026_14_Rams_49ers,2026,14,49ers,Rams,2026-12-13 16:25:00,False,0.4497302390996811,0.5502697609003189,0.49694611246377435,Rams,0.10053952180063785
2026_14_Bills_Packers,2026,14,Packers,Bills,2026-12-13 20:20:00,False,0.412527022182741,0.5874729778172589,0.45615756482453096,Bills,0.17494595563451798
2026_14_Steelers_Jaguars,2026,14,Jaguars,Steelers,2026-12-14 20:15:00,False,0.7752918048040479,0.2247081951959521,0.6495998479179266,Jaguars,0.5505836096080958
2026_15_49ers_Chargers,2026,15,Chargers,49ers,2026-12-17 20:15:00,False,0.40717022045872897,0.592829779541271,0.5248710634234147,49ers,0.18565955908254206
2026_15_Seahawks_Eagles,2026,15,Eagles,Seahawks,2026-12-19 17:00:00,False,0.45195985304539,0.54804014695461,0.4024225270506266,Seahawks,0.09608029390922002
2026_15_Bears_Bills,2026,15,Bills,Bears,2026-12-19 20:20:00,False,0.7231497357017668,0.27685026429823323,0.6692885643582904,Bills,0.44629947140353354
2026_15_Bengals_Panthers,2026,15,Panthers,Bengals,2026-12-20 13:00:00,False,0.485441300509383,0.514558699490617,0.4977987218620689,Bengals,0.029117398981234
2026_15_Browns_Giants,2026,15,Giants,Browns,2026-12-20 13:00:00,False,0.6157402844365205,0.3842597155634795,0.5710911778998651,Giants,0.23148056887304103
2026_15_Colts_Titans,2026,15,Titans,Colts,2026-12-20 13:00:00,False,0.42218166630001686,0.5778183336999831,0.4124399562360163,Colts,0.1556366673999663
2026_15_Dolphins_Packers,2026,15,Packers,Dolphins,2026-12-20 13:00:00,False,0.6847985427621174,0.3152014572378826,0.6612782357975923,Packers,0.36959708552423476
2026_15_Falcons_Commanders,2026,15,Commanders,Falcons,2026-12-20 13:00:00,False,0.4529112749933154,0.5470887250066846,0.5524112132164506,Falcons,0.09417745001336919
2026_15_Jaguars_Texans,2026,15,Texans,Jaguars,2026-12-20 13:00:00,False,0.5370791678471889,0.4629208321528111,0.618120639122568,Texans,0.0741583356943778
2026_15_Ravens_Steelers,2026,15,Steelers,Ravens,2026-12-20 13:00:00,False,0.43522342955217186,0.5647765704478281,0.5220547202266055,Ravens,0.12955314089565628
2026_15_Saints_Buccaneers,2026,15,Buccaneers,Saints,2026-12-20 13:00:00,False,0.5084459031032775,0.49155409689672247,0.6242464727362613,Buccaneers,0.01689180620655506
2026_15_Jets_Cardinals,2026,15,Cardinals,Jets,2026-12-20 16:05:00,False,0.698016585393376,0.30198341460662403,0.6109317408068868,Cardinals,0.39603317078675193
2026_15_Broncos_Raiders,2026,15,Raiders,Broncos,2026-12-20 16:25:00,False,0.23599000532826686,0.7640099946717331,0.22899789828110645,Broncos,0.5280199893434663
2026_15_Cowboys_Rams,2026,15,Rams,Cowboys,2026-12-20 16:25:00,False,0.7352315764476042,0.2647684235523958,0.7578968329549959,Rams,0.47046315289520835
2026_15_Lions_Vikings,2026,15,Vikings,Lions,2026-12-20 20:20:00,False,0.6336310058341189,0.3663689941658811,0.5643740816189913,Vikings,0.2672620116682378
2026_15_Patriots_Chiefs,2026,15,Chiefs,Patriots,2026-12-21 20:15:00,False,0.30495749701278396,0.695042502987216,0.41458967718334866,Patriots,0.3900850059744321
2026_16_Texans_Eagles,2026,16,Eagles,Texans,2026-12-24 20:15:00,False,0.5721707762018324,0.42782922379816757,0.4994586512079026,Eagles,0.14434155240366486
2026_16_Packers_Bears,2026,16,Bears,Packers,2026-12-25 13:00:00,False,0.5783037520290242,0.4216962479709758,0.574389421060698,Bears,0.15660750405804835
2026_16_Bills_Broncos,2026,16,Broncos,Bills,2026-12-25 16:30:00,False,0.47455902283168777,0.5254409771683122,0.5741264297721184,Bills,0.05088195433662446
2026_16_Rams_Seahawks,2026,16,Seahawks,Rams,2026-12-25 20:15:00,False,0.6588081288286096,0.3411918711713904,0.6588346424794086,Seahawks,0.31761625765721924
2026_16_Browns_Ravens,2026,16,Ravens,Browns,2026-12-27 13:00:00,False,0.7868755732023284,0.21312442679767163,0.7248205496699708,Ravens,0.5737511464046567
2026_16_Cardinals_Saints,2026,16,Saints,Cardinals,2026-12-27 13:00:00,False,0.7325117445929372,0.2674882554070628,0.6326913485403132,Saints,0.46502348918587444
2026_16_Chargers_Dolphins,2026,16,Dolphins,Chargers,2026-12-27 13:00:00,False,0.5433448787898643,0.45665512121013574,0.4700010110901301,Dolphins,0.08668975757972852
2026_16_Patriots_Jets,2026,16,Jets,Patriots,2026-12-27 13:00:00,False,0.19401544772271706,0.8059845522772829,0.25316408860667977,Patriots,0.6119691045545659
2026_16_Titans_Raiders,2026,16,Raiders,Titans,2026-12-27 16:05:00,False,0.5237651597941065,0.47623484020589346,0.5568571801821877,Raiders,0.04753031958821308
2026_16_49ers_Chiefs,2026,16,Chiefs,49ers,2026-12-27 16:25:00,False,0.3532327782258101,0.6467672217741899,0.47163272846280846,49ers,0.29353444354837976
2026_16_Jaguars_Cowboys,2026,16,Cowboys,Jaguars,2026-12-27 20:20:00,False,0.3512319701359039,0.6487680298640961,0.40808842791866873,Jaguars,0.2975360597281922
2026_16_Bengals_Colts,2026,16,Colts,Bengals,2026-12-28 19:00:00,False,0.5414812119971565,0.4585187880028435,0.5505115046093113,Colts,0.08296242399431297
2026_16_Buccaneers_Falcons,2026,16,Falcons,Buccaneers,2026-12-28 19:00:00,False,0.6277376425815501,0.37226235741844993,0.559431615289481,Falcons,0.25547528516310014
2026_16_Commanders_Vikings,2026,16,Vikings,Commanders,2026-12-28 19:00:00,False,0.7166268007871086,0.2833731992128914,0.6901248294640298,Vikings,0.4332536015742172
2026_16_Panthers_Steelers,2026,16,Steelers,Panthers,2026-12-28 19:00:00,False,0.6520689601528227,0.3479310398471773,0.676316755815543,Steelers,0.30413792030564535
2026_16_Giants_Lions,2026,16,Lions,Giants,2026-12-28 20:15:00,False,0.6510540504401172,0.3489459495598828,0.7359523261790814,Lions,0.30210810088023443
2026_17_Ravens_Bengals,2026,17,Bengals,Ravens,2026-12-31 20:15:00,False,0.427405294021895,0.572594705978105,0.4782152029561643,Ravens,0.14518941195621005
2026_17_Bills_Dolphins,2026,17,Dolphins,Bills,2027-01-03 13:00:00,False,0.2888825929193786,0.7111174070806214,0.3615814597933314,Bills,0.42223481416124276
2026_17_Colts_Browns,2026,17,Browns,Colts,2027-01-03 13:00:00,False,0.5101107955420883,0.48988920445791173,0.5052990427579696,Browns,0.020221591084176538
2026_17_Giants_Cowboys,2026,17,Cowboys,Giants,2027-01-03 13:00:00,False,0.618941531683595,0.381058468316405,0.6137870855316566,Cowboys,0.23788306336719
2026_17_Saints_Falcons,2026,17,Falcons,Saints,2027-01-03 13:00:00,False,0.5519011293578255,0.44809887064217446,0.6154209795618086,Falcons,0.10380225871565107
2026_17_Seahawks_Panthers,2026,17,Panthers,Seahawks,2027-01-03 13:00:00,False,0.22684703988901797,0.773152960110982,0.245319895705443,Seahawks,0.546305920221964
2026_17_Steelers_Titans,2026,17,Titans,Steelers,2027-01-03 13:00:00,False,0.40522556134055904,0.5947744386594409,0.3536734191622883,Steelers,0.18954887731888193
2026_17_Vikings_Jets,2026,17,Jets,Vikings,2027-01-03 13:00:00,False,0.26348852781862736,0.7365114721813726,0.3060975849572546,Vikings,0.4730229443627453
2026_17_Raiders_Cardinals,2026,17,Cardinals,Raiders,2027-01-03 16:05:00,False,0.6259782825136754,0.3740217174863246,0.6273381107897907,Cardinals,0.25195656502735075
2026_17_Lions_Bears,2026,17,Bears,Lions,2027-01-03 16:25:00,False,0.6138538050442001,0.38614619495579994,0.5334113448167556,Bears,0.22770761008840013
2026_17_Eagles_49ers,2026,17,49ers,Eagles,2027-01-03 20:20:00,False,0.5164487205677877,0.4835512794322123,0.568977539046527,49ers,0.032897441135575356
2026_17_Broncos_Patriots,2026,17,Patriots,Broncos,2027-01-04 19:00:00,False,0.6105549501774977,0.3894450498225023,0.5532283550976315,Patriots,0.22110990035499545
2026_17_Chiefs_Chargers,2026,17,Chargers,Chiefs,2027-01-04 19:00:00,False,0.6164866127536318,0.3835133872463682,0.6199810290838188,Chargers,0.23297322550726363
2026_17_Commanders_Jaguars,2026,17,Jaguars,Commanders,2027-01-04 19:00:00,False,0.8174383111029675,0.1825616888970325,0.7118706995140697,Jaguars,0.634876622205935
2026_17_Rams_Buccaneers,2026,17,Buccaneers,Rams,2027-01-04 19:00:00,False,0.32737643760589963,0.6726235623941004,0.38575081933883676,Rams,0.34524712478820074
2026_17_Texans_Packers,2026,17,Packers,Texans,2027-01-04 20:15:00,False,0.45863082191345356,0.5413691780865464,0.4547978413924328,Texans,0.08273835617309289
2026_18_49ers_Cardinals,2026,18,Cardinals,49ers,2027-01-09 19:00:00,False,0.30136794627596986,0.6986320537240301,0.337276501269227,49ers,0.3972641074480603
2026_18_Bears_Vikings,2026,18,Vikings,Bears,2027-01-09 19:00:00,False,0.6030823921784517,0.3969176078215483,0.5990236864322775,Vikings,0.20616478435690344
2026_18_Browns_Bengals,2026,18,Bengals,Browns,2027-01-09 19:00:00,False,0.6725053480710782,0.3274946519289218,0.6467984956041551,Bengals,0.3450106961421564
2026_18_Buccaneers_Saints,2026,18,Saints,Buccaneers,2027-01-09 19:00:00,False,0.6337353188369024,0.3662646811630976,0.511250240720775,Saints,0.26747063767380475
2026_18_Chargers_Broncos,2026,18,Broncos,Chargers,2027-01-09 19:00:00,False,0.7346353914714685,0.2653646085285315,0.6785407159501234,Broncos,0.469270782942937
2026_18_Cowboys_Commanders,2026,18,Commanders,Cowboys,2027-01-09 19:00:00,False,0.4882576537497812,0.5117423462502189,0.5735419422024947,Cowboys,0.02348469250043761
2026_18_Dolphins_Patriots,2026,18,Patriots,Dolphins,2027-01-09 19:00:00,False,0.7760572453659785,0.22394275463402147,0.7466712797657495,Patriots,0.5521144907319571
2026_18_Eagles_Giants,2026,18,Giants,Eagles,2027-01-09 19:00:00,False,0.3785192234236803,0.6214807765763197,0.3809269799777156,Eagles,0.24296155315263945
2026_18_Falcons_Panthers,2026,18,Panthers,Falcons,2027-01-09 19:00:00,False,0.4507141131077223,0.5492858868922776,0.5092584555104221,Falcons,0.0985717737845554
2026_18_Jaguars_Colts,2026,18,Colts,Jaguars,2027-01-09 19:00:00,False,0.34117392418994535,0.6588260758100546,0.4222110130714081,Jaguars,0.3176521516201093
2026_18_Jets_Bills,2026,18,Bills,Jets,2027-01-09 19:00:00,False,0.8977838735366038,0.10221612646339617,0.8421905663367676,Bills,0.7955677470732077
2026_18_Lions_Packers,2026,18,Packers,Lions,2027-01-09 19:00:00,False,0.5796252714024531,0.4203747285975469,0.5275650824836317,Packers,0.15925054280490625
2026_18_Raiders_Chiefs,2026,18,Chiefs,Raiders,2027-01-09 19:00:00,False,0.6928151287980485,0.3071848712019515,0.7470004013007614,Chiefs,0.38563025759609704
2026_18_Seahawks_Rams,2026,18,Rams,Seahawks,2027-01-09 19:00:00,False,0.5050478165386624,0.4949521834613376,0.4736532057539523,Rams,0.01009563307732475
2026_18_Steelers_Ravens,2026,18,Ravens,Steelers,2027-01-09 19:00:00,False,0.7414832021087625,0.2585167978912375,0.6140442481088139,Ravens,0.482966404217525
2026_18_Titans_Texans,2026,18,Texans,Titans,2027-01-09 19:00:00,False,0.8419814493082576,0.15801855069174242,0.8457684575989228,Texans,0.6839628986165152
